地區,項目,欄位名稱,數值,資料時間日期,資料週期,郵遞區號,機關代碼,電子郵件,行動電話,市話,縣市別代碼,行政區域代碼
臺中市,初婚人數按性別、年齡及教育程度分暨其結婚年齡中位數(按發生日期)-初婚人數(單位:人),博士畢業_男_未滿15歲,0,2018-01-01T00:00:00,年,407610,387000000A,oddisp@taichung.gov.tw,0910289111,(04)22289111,66000,10019000
臺中市,初婚人數按性別、年齡及教育程度分暨其結婚年齡中位數(按發生日期)-初婚人數(單位:人),碩士畢業_男_未滿15歲,0,2018-01-01T00:00:00,年,407610,387000000A,oddisp@taichung.gov.tw,0910289111,(04)22289111,66000,10019000
臺中市,初婚人數按性別、年齡及教育程度分暨其結婚年齡中位數(按發生日期)-初婚人數(單位:人),大學畢業_男_未滿15歲,0,2018-01-01T00:00:00,年,407610,387000000A,oddisp@taichung.gov.tw,0910289111,(04)22289111,66000,10019000
臺中市,初婚人數按性別、年齡及教育程度分暨其結婚年齡中位數(按發生日期)-初婚人數(單位:人),專科畢業_男_未滿15歲,0,2018-01-01T00:00:00,年,407610,387000000A,oddisp@taichung.gov.tw,0910289111,(04)22289111,66000,10019000
臺中市,初婚人數按性別、年齡及教育程度分暨其結婚年齡中位數(按發生日期)-初婚人數(單位:人),高中畢業_男_未滿15歲,0,2018-01-01T00:00:00,年,407610,387000000A,oddisp@taichung.gov.tw,0910289111,(04)22289111,66000,10019000
臺中市,初婚人數按性別、年齡及教育程度分暨其結婚年齡中位數(按發生日期)-初婚人數(單位:人),國中畢業_男_未滿15歲,0,2018-01-01T00:00:00,年,407610,387000000A,oddisp@taichung.gov.tw,0910289111,(04)22289111,66000,10019000
臺中市,初婚人數按性別、年齡及教育程度分暨其結婚年齡中位數(按發生日期)-初婚人數(單位:人),國小畢業以下_男_未滿15歲,0,2018-01-01T00:00:00,年,407610,387000000A,oddisp@taichung.gov.tw,0910289111,(04)22289111,66000,10019000
臺中市,初婚人數按性別、年齡及教育程度分暨其結婚年齡中位數(按發生日期)-初婚人數(單位:人),博士畢業_男_15~19歲,0,2018-01-01T00:00:00,年,407610,387000000A,oddisp@taichung.gov.tw,0910289111,(04)22289111,66000,10019000
臺中市,初婚人數按性別、年齡及教育程度分暨其結婚年齡中位數(按發生日期)-初婚人數(單位:人),碩士畢業_男_15~19歲,0,2018-01-01T00:00:00,年,407610,387000000A,oddisp@taichung.gov.tw,0910289111,(04)22289111,66000,10019000
臺中市,初婚人數按性別、年齡及教育程度分暨其結婚年齡中位數(按發生日期)-初婚人數(單位:人),大學畢業_男_15~19歲,0,2018-01-01T00:00:00,年,407610,387000000A,oddisp@taichung.gov.tw,0910289111,(04)22289111,66000,10019000
臺中市,初婚人數按性別、年齡及教育程度分暨其結婚年齡中位數(按發生日期)-初婚人數(單位:人),專科畢業_男_15~19歲,0,2018-01-01T00:00:00,年,407610,387000000A,oddisp@taichung.gov.tw,0910289111,(04)22289111,66000,10019000
臺中市,初婚人數按性別、年齡及教育程度分暨其結婚年齡中位數(按發生日期)-初婚人數(單位:人),高中畢業_男_15~19歲,18,2018-01-01T00:00:00,年,407610,387000000A,oddisp@taichung.gov.tw,0910289111,(04)22289111,66000,10019000
臺中市,初婚人數按性別、年齡及教育程度分暨其結婚年齡中位數(按發生日期)-初婚人數(單位:人),國中畢業_男_15~19歲,51,2018-01-01T00:00:00,年,407610,387000000A,oddisp@taichung.gov.tw,0910289111,(04)22289111,66000,10019000
臺中市,初婚人數按性別、年齡及教育程度分暨其結婚年齡中位數(按發生日期)-初婚人數(單位:人),國小畢業以下_男_15~19歲,1,2018-01-01T00:00:00,年,407610,387000000A,oddisp@taichung.gov.tw,0910289111,(04)22289111,66000,10019000
臺中市,初婚人數按性別、年齡及教育程度分暨其結婚年齡中位數(按發生日期)-初婚人數(單位:人),博士畢業_男_20~24歲,0,2018-01-01T00:00:00,年,407610,387000000A,oddisp@taichung.gov.tw,0910289111,(04)22289111,66000,10019000
臺中市,初婚人數按性別、年齡及教育程度分暨其結婚年齡中位數(按發生日期)-初婚人數(單位:人),碩士畢業_男_20~24歲,2,2018-01-01T00:00:00,年,407610,387000000A,oddisp@taichung.gov.tw,0910289111,(04)22289111,66000,10019000
臺中市,初婚人數按性別、年齡及教育程度分暨其結婚年齡中位數(按發生日期)-初婚人數(單位:人),大學畢業_男_20~24歲,193,2018-01-01T00:00:00,年,407610,387000000A,oddisp@taichung.gov.tw,0910289111,(04)22289111,66000,10019000
臺中市,初婚人數按性別、年齡及教育程度分暨其結婚年齡中位數(按發生日期)-初婚人數(單位:人),專科畢業_男_20~24歲,28,2018-01-01T00:00:00,年,407610,387000000A,oddisp@taichung.gov.tw,0910289111,(04)22289111,66000,10019000
臺中市,初婚人數按性別、年齡及教育程度分暨其結婚年齡中位數(按發生日期)-初婚人數(單位:人),高中畢業_男_20~24歲,603,2018-01-01T00:00:00,年,407610,387000000A,oddisp@taichung.gov.tw,0910289111,(04)22289111,66000,10019000
臺中市,初婚人數按性別、年齡及教育程度分暨其結婚年齡中位數(按發生日期)-初婚人數(單位:人),國中畢業_男_20~24歲,244,2018-01-01T00:00:00,年,407610,387000000A,oddisp@taichung.gov.tw,0910289111,(04)22289111,66000,10019000
臺中市,初婚人數按性別、年齡及教育程度分暨其結婚年齡中位數(按發生日期)-初婚人數(單位:人),國小畢業以下_男_20~24歲,7,2018-01-01T00:00:00,年,407610,387000000A,oddisp@taichung.gov.tw,0910289111,(04)22289111,66000,10019000
臺中市,初婚人數按性別、年齡及教育程度分暨其結婚年齡中位數(按發生日期)-初婚人數(單位:人),博士畢業_男_25~29歲,3,2018-01-01T00:00:00,年,407610,387000000A,oddisp@taichung.gov.tw,0910289111,(04)22289111,66000,10019000
臺中市,初婚人數按性別、年齡及教育程度分暨其結婚年齡中位數(按發生日期)-初婚人數(單位:人),碩士畢業_男_25~29歲,503,2018-01-01T00:00:00,年,407610,387000000A,oddisp@taichung.gov.tw,0910289111,(04)22289111,66000,10019000
臺中市,初婚人數按性別、年齡及教育程度分暨其結婚年齡中位數(按發生日期)-初婚人數(單位:人),大學畢業_男_25~29歲,2352,2018-01-01T00:00:00,年,407610,387000000A,oddisp@taichung.gov.tw,0910289111,(04)22289111,66000,10019000
臺中市,初婚人數按性別、年齡及教育程度分暨其結婚年齡中位數(按發生日期)-初婚人數(單位:人),專科畢業_男_25~29歲,160,2018-01-01T00:00:00,年,407610,387000000A,oddisp@taichung.gov.tw,0910289111,(04)22289111,66000,10019000
臺中市,初婚人數按性別、年齡及教育程度分暨其結婚年齡中位數(按發生日期)-初婚人數(單位:人),高中畢業_男_25~29歲,1113,2018-01-01T00:00:00,年,407610,387000000A,oddisp@taichung.gov.tw,0910289111,(04)22289111,66000,10019000
臺中市,初婚人數按性別、年齡及教育程度分暨其結婚年齡中位數(按發生日期)-初婚人數(單位:人),國中畢業_男_25~29歲,249,2018-01-01T00:00:00,年,407610,387000000A,oddisp@taichung.gov.tw,0910289111,(04)22289111,66000,10019000
臺中市,初婚人數按性別、年齡及教育程度分暨其結婚年齡中位數(按發生日期)-初婚人數(單位:人),國小畢業以下_男_25~29歲,22,2018-01-01T00:00:00,年,407610,387000000A,oddisp@taichung.gov.tw,0910289111,(04)22289111,66000,10019000
臺中市,初婚人數按性別、年齡及教育程度分暨其結婚年齡中位數(按發生日期)-初婚人數(單位:人),博士畢業_男_30~34歲,62,2018-01-01T00:00:00,年,407610,387000000A,oddisp@taichung.gov.tw,0910289111,(04)22289111,66000,10019000
臺中市,初婚人數按性別、年齡及教育程度分暨其結婚年齡中位數(按發生日期)-初婚人數(單位:人),碩士畢業_男_30~34歲,1030,2018-01-01T00:00:00,年,407610,387000000A,oddisp@taichung.gov.tw,0910289111,(04)22289111,66000,10019000
臺中市,初婚人數按性別、年齡及教育程度分暨其結婚年齡中位數(按發生日期)-初婚人數(單位:人),大學畢業_男_30~34歲,2483,2018-01-01T00:00:00,年,407610,387000000A,oddisp@taichung.gov.tw,0910289111,(04)22289111,66000,10019000
臺中市,初婚人數按性別、年齡及教育程度分暨其結婚年齡中位數(按發生日期)-初婚人數(單位:人),專科畢業_男_30~34歲,293,2018-01-01T00:00:00,年,407610,387000000A,oddisp@taichung.gov.tw,0910289111,(04)22289111,66000,10019000
臺中市,初婚人數按性別、年齡及教育程度分暨其結婚年齡中位數(按發生日期)-初婚人數(單位:人),高中畢業_男_30~34歲,1002,2018-01-01T00:00:00,年,407610,387000000A,oddisp@taichung.gov.tw,0910289111,(04)22289111,66000,10019000
臺中市,初婚人數按性別、年齡及教育程度分暨其結婚年齡中位數(按發生日期)-初婚人數(單位:人),國中畢業_男_30~34歲,321,2018-01-01T00:00:00,年,407610,387000000A,oddisp@taichung.gov.tw,0910289111,(04)22289111,66000,10019000
臺中市,初婚人數按性別、年齡及教育程度分暨其結婚年齡中位數(按發生日期)-初婚人數(單位:人),國中畢業_男_35~39歲,221,2018-01-01T00:00:00,年,407610,387000000A,oddisp@taichung.gov.tw,0910289111,(04)22289111,66000,10019000
臺中市,初婚人數按性別、年齡及教育程度分暨其結婚年齡中位數(按發生日期)-初婚人數(單位:人),國小畢業以下_男_30~34歲,25,2018-01-01T00:00:00,年,407610,387000000A,oddisp@taichung.gov.tw,0910289111,(04)22289111,66000,10019000
臺中市,初婚人數按性別、年齡及教育程度分暨其結婚年齡中位數(按發生日期)-初婚人數(單位:人),國小畢業以下_男_35~39歲,9,2018-01-01T00:00:00,年,407610,387000000A,oddisp@taichung.gov.tw,0910289111,(04)22289111,66000,10019000
臺中市,初婚人數按性別、年齡及教育程度分暨其結婚年齡中位數(按發生日期)-初婚人數(單位:人),博士畢業_男_40~44歲,8,2018-01-01T00:00:00,年,407610,387000000A,oddisp@taichung.gov.tw,0910289111,(04)22289111,66000,10019000
臺中市,初婚人數按性別、年齡及教育程度分暨其結婚年齡中位數(按發生日期)-初婚人數(單位:人),博士畢業_男_35~39歲,44,2018-01-01T00:00:00,年,407610,387000000A,oddisp@taichung.gov.tw,0910289111,(04)22289111,66000,10019000
臺中市,初婚人數按性別、年齡及教育程度分暨其結婚年齡中位數(按發生日期)-初婚人數(單位:人),碩士畢業_男_35~39歲,371,2018-01-01T00:00:00,年,407610,387000000A,oddisp@taichung.gov.tw,0910289111,(04)22289111,66000,10019000
臺中市,初婚人數按性別、年齡及教育程度分暨其結婚年齡中位數(按發生日期)-初婚人數(單位:人),大學畢業_男_35~39歲,1004,2018-01-01T00:00:00,年,407610,387000000A,oddisp@taichung.gov.tw,0910289111,(04)22289111,66000,10019000
臺中市,初婚人數按性別、年齡及教育程度分暨其結婚年齡中位數(按發生日期)-初婚人數(單位:人),碩士畢業_男_40~44歲,96,2018-01-01T00:00:00,年,407610,387000000A,oddisp@taichung.gov.tw,0910289111,(04)22289111,66000,10019000
臺中市,初婚人數按性別、年齡及教育程度分暨其結婚年齡中位數(按發生日期)-初婚人數(單位:人),大學畢業_男_40~44歲,203,2018-01-01T00:00:00,年,407610,387000000A,oddisp@taichung.gov.tw,0910289111,(04)22289111,66000,10019000
臺中市,初婚人數按性別、年齡及教育程度分暨其結婚年齡中位數(按發生日期)-初婚人數(單位:人),專科畢業_男_35~39歲,292,2018-01-01T00:00:00,年,407610,387000000A,oddisp@taichung.gov.tw,0910289111,(04)22289111,66000,10019000
臺中市,初婚人數按性別、年齡及教育程度分暨其結婚年齡中位數(按發生日期)-初婚人數(單位:人),專科畢業_男_40~44歲,144,2018-01-01T00:00:00,年,407610,387000000A,oddisp@taichung.gov.tw,0910289111,(04)22289111,66000,10019000
臺中市,初婚人數按性別、年齡及教育程度分暨其結婚年齡中位數(按發生日期)-初婚人數(單位:人),高中畢業_男_40~44歲,252,2018-01-01T00:00:00,年,407610,387000000A,oddisp@taichung.gov.tw,0910289111,(04)22289111,66000,10019000
臺中市,初婚人數按性別、年齡及教育程度分暨其結婚年齡中位數(按發生日期)-初婚人數(單位:人),高中畢業_男_35~39歲,734,2018-01-01T00:00:00,年,407610,387000000A,oddisp@taichung.gov.tw,0910289111,(04)22289111,66000,10019000
臺中市,初婚人數按性別、年齡及教育程度分暨其結婚年齡中位數(按發生日期)-初婚人數(單位:人),國中畢業_男_40~44歲,88,2018-01-01T00:00:00,年,407610,387000000A,oddisp@taichung.gov.tw,0910289111,(04)22289111,66000,10019000
臺中市,初婚人數按性別、年齡及教育程度分暨其結婚年齡中位數(按發生日期)-初婚人數(單位:人),國小畢業以下_男_40~44歲,5,2018-01-01T00:00:00,年,407610,387000000A,oddisp@taichung.gov.tw,0910289111,(04)22289111,66000,10019000
臺中市,初婚人數按性別、年齡及教育程度分暨其結婚年齡中位數(按發生日期)-初婚人數(單位:人),博士畢業_男_45~49歲,7,2018-01-01T00:00:00,年,407610,387000000A,oddisp@taichung.gov.tw,0910289111,(04)22289111,66000,10019000
臺中市,初婚人數按性別、年齡及教育程度分暨其結婚年齡中位數(按發生日期)-初婚人數(單位:人),碩士畢業_男_45~49歲,18,2018-01-01T00:00:00,年,407610,387000000A,oddisp@taichung.gov.tw,0910289111,(04)22289111,66000,10019000
臺中市,初婚人數按性別、年齡及教育程度分暨其結婚年齡中位數(按發生日期)-初婚人數(單位:人),大學畢業_男_45~49歲,37,2018-01-01T00:00:00,年,407610,387000000A,oddisp@taichung.gov.tw,0910289111,(04)22289111,66000,10019000
臺中市,初婚人數按性別、年齡及教育程度分暨其結婚年齡中位數(按發生日期)-初婚人數(單位:人),專科畢業_男_45~49歲,34,2018-01-01T00:00:00,年,407610,387000000A,oddisp@taichung.gov.tw,0910289111,(04)22289111,66000,10019000
臺中市,初婚人數按性別、年齡及教育程度分暨其結婚年齡中位數(按發生日期)-初婚人數(單位:人),高中畢業_男_45~49歲,85,2018-01-01T00:00:00,年,407610,387000000A,oddisp@taichung.gov.tw,0910289111,(04)22289111,66000,10019000
臺中市,初婚人數按性別、年齡及教育程度分暨其結婚年齡中位數(按發生日期)-初婚人數(單位:人),國中畢業_男_45~49歲,36,2018-01-01T00:00:00,年,407610,387000000A,oddisp@taichung.gov.tw,0910289111,(04)22289111,66000,10019000
臺中市,初婚人數按性別、年齡及教育程度分暨其結婚年齡中位數(按發生日期)-初婚人數(單位:人),國小畢業以下_男_45~49歲,5,2018-01-01T00:00:00,年,407610,387000000A,oddisp@taichung.gov.tw,0910289111,(04)22289111,66000,10019000
臺中市,初婚人數按性別、年齡及教育程度分暨其結婚年齡中位數(按發生日期)-初婚人數(單位:人),博士畢業_男_50~54歲,1,2018-01-01T00:00:00,年,407610,387000000A,oddisp@taichung.gov.tw,0910289111,(04)22289111,66000,10019000
臺中市,初婚人數按性別、年齡及教育程度分暨其結婚年齡中位數(按發生日期)-初婚人數(單位:人),碩士畢業_男_50~54歲,8,2018-01-01T00:00:00,年,407610,387000000A,oddisp@taichung.gov.tw,0910289111,(04)22289111,66000,10019000
臺中市,初婚人數按性別、年齡及教育程度分暨其結婚年齡中位數(按發生日期)-初婚人數(單位:人),大學畢業_男_50~54歲,8,2018-01-01T00:00:00,年,407610,387000000A,oddisp@taichung.gov.tw,0910289111,(04)22289111,66000,10019000
臺中市,初婚人數按性別、年齡及教育程度分暨其結婚年齡中位數(按發生日期)-初婚人數(單位:人),專科畢業_男_50~54歲,10,2018-01-01T00:00:00,年,407610,387000000A,oddisp@taichung.gov.tw,0910289111,(04)22289111,66000,10019000
臺中市,初婚人數按性別、年齡及教育程度分暨其結婚年齡中位數(按發生日期)-初婚人數(單位:人),高中畢業_男_50~54歲,29,2018-01-01T00:00:00,年,407610,387000000A,oddisp@taichung.gov.tw,0910289111,(04)22289111,66000,10019000
臺中市,初婚人數按性別、年齡及教育程度分暨其結婚年齡中位數(按發生日期)-初婚人數(單位:人),國中畢業_男_50~54歲,22,2018-01-01T00:00:00,年,407610,387000000A,oddisp@taichung.gov.tw,0910289111,(04)22289111,66000,10019000
臺中市,初婚人數按性別、年齡及教育程度分暨其結婚年齡中位數(按發生日期)-初婚人數(單位:人),國小畢業以下_男_50~54歲,2,2018-01-01T00:00:00,年,407610,387000000A,oddisp@taichung.gov.tw,0910289111,(04)22289111,66000,10019000
臺中市,初婚人數按性別、年齡及教育程度分暨其結婚年齡中位數(按發生日期)-初婚人數(單位:人),博士畢業_男_55~59歲,0,2018-01-01T00:00:00,年,407610,387000000A,oddisp@taichung.gov.tw,0910289111,(04)22289111,66000,10019000
臺中市,初婚人數按性別、年齡及教育程度分暨其結婚年齡中位數(按發生日期)-初婚人數(單位:人),碩士畢業_男_55~59歲,0,2018-01-01T00:00:00,年,407610,387000000A,oddisp@taichung.gov.tw,0910289111,(04)22289111,66000,10019000
臺中市,初婚人數按性別、年齡及教育程度分暨其結婚年齡中位數(按發生日期)-初婚人數(單位:人),大學畢業_男_55~59歲,4,2018-01-01T00:00:00,年,407610,387000000A,oddisp@taichung.gov.tw,0910289111,(04)22289111,66000,10019000
臺中市,初婚人數按性別、年齡及教育程度分暨其結婚年齡中位數(按發生日期)-初婚人數(單位:人),專科畢業_男_55~59歲,2,2018-01-01T00:00:00,年,407610,387000000A,oddisp@taichung.gov.tw,0910289111,(04)22289111,66000,10019000
臺中市,初婚人數按性別、年齡及教育程度分暨其結婚年齡中位數(按發生日期)-初婚人數(單位:人),高中畢業_男_55~59歲,15,2018-01-01T00:00:00,年,407610,387000000A,oddisp@taichung.gov.tw,0910289111,(04)22289111,66000,10019000
臺中市,初婚人數按性別、年齡及教育程度分暨其結婚年齡中位數(按發生日期)-初婚人數(單位:人),國中畢業_男_55~59歲,5,2018-01-01T00:00:00,年,407610,387000000A,oddisp@taichung.gov.tw,0910289111,(04)22289111,66000,10019000
臺中市,初婚人數按性別、年齡及教育程度分暨其結婚年齡中位數(按發生日期)-初婚人數(單位:人),國小畢業以下_男_55~59歲,3,2018-01-01T00:00:00,年,407610,387000000A,oddisp@taichung.gov.tw,0910289111,(04)22289111,66000,10019000
臺中市,初婚人數按性別、年齡及教育程度分暨其結婚年齡中位數(按發生日期)-初婚人數(單位:人),博士畢業_男_60~64歲,0,2018-01-01T00:00:00,年,407610,387000000A,oddisp@taichung.gov.tw,0910289111,(04)22289111,66000,10019000
臺中市,初婚人數按性別、年齡及教育程度分暨其結婚年齡中位數(按發生日期)-初婚人數(單位:人),碩士畢業_男_60~64歲,0,2018-01-01T00:00:00,年,407610,387000000A,oddisp@taichung.gov.tw,0910289111,(04)22289111,66000,10019000
臺中市,初婚人數按性別、年齡及教育程度分暨其結婚年齡中位數(按發生日期)-初婚人數(單位:人),大學畢業_男_60~64歲,6,2018-01-01T00:00:00,年,407610,387000000A,oddisp@taichung.gov.tw,0910289111,(04)22289111,66000,10019000
臺中市,初婚人數按性別、年齡及教育程度分暨其結婚年齡中位數(按發生日期)-初婚人數(單位:人),專科畢業_男_60~64歲,1,2018-01-01T00:00:00,年,407610,387000000A,oddisp@taichung.gov.tw,0910289111,(04)22289111,66000,10019000
臺中市,初婚人數按性別、年齡及教育程度分暨其結婚年齡中位數(按發生日期)-初婚人數(單位:人),高中畢業_男_60~64歲,4,2018-01-01T00:00:00,年,407610,387000000A,oddisp@taichung.gov.tw,0910289111,(04)22289111,66000,10019000
臺中市,初婚人數按性別、年齡及教育程度分暨其結婚年齡中位數(按發生日期)-初婚人數(單位:人),國中畢業_男_60~64歲,6,2018-01-01T00:00:00,年,407610,387000000A,oddisp@taichung.gov.tw,0910289111,(04)22289111,66000,10019000
臺中市,初婚人數按性別、年齡及教育程度分暨其結婚年齡中位數(按發生日期)-初婚人數(單位:人),國小畢業以下_男_60~64歲,1,2018-01-01T00:00:00,年,407610,387000000A,oddisp@taichung.gov.tw,0910289111,(04)22289111,66000,10019000
臺中市,初婚人數按性別、年齡及教育程度分暨其結婚年齡中位數(按發生日期)-初婚人數(單位:人),博士畢業_男_65歲以上,0,2018-01-01T00:00:00,年,407610,387000000A,oddisp@taichung.gov.tw,0910289111,(04)22289111,66000,10019000
臺中市,初婚人數按性別、年齡及教育程度分暨其結婚年齡中位數(按發生日期)-初婚人數(單位:人),碩士畢業_男_65歲以上,0,2018-01-01T00:00:00,年,407610,387000000A,oddisp@taichung.gov.tw,0910289111,(04)22289111,66000,10019000
臺中市,初婚人數按性別、年齡及教育程度分暨其結婚年齡中位數(按發生日期)-初婚人數(單位:人),大學畢業_男_65歲以上,2,2018-01-01T00:00:00,年,407610,387000000A,oddisp@taichung.gov.tw,0910289111,(04)22289111,66000,10019000
臺中市,初婚人數按性別、年齡及教育程度分暨其結婚年齡中位數(按發生日期)-初婚人數(單位:人),專科畢業_男_65歲以上,0,2018-01-01T00:00:00,年,407610,387000000A,oddisp@taichung.gov.tw,0910289111,(04)22289111,66000,10019000
臺中市,初婚人數按性別、年齡及教育程度分暨其結婚年齡中位數(按發生日期)-初婚人數(單位:人),高中畢業_男_65歲以上,1,2018-01-01T00:00:00,年,407610,387000000A,oddisp@taichung.gov.tw,0910289111,(04)22289111,66000,10019000
臺中市,初婚人數按性別、年齡及教育程度分暨其結婚年齡中位數(按發生日期)-初婚人數(單位:人),國中畢業_男_65歲以上,4,2018-01-01T00:00:00,年,407610,387000000A,oddisp@taichung.gov.tw,0910289111,(04)22289111,66000,10019000
臺中市,初婚人數按性別、年齡及教育程度分暨其結婚年齡中位數(按發生日期)-初婚人數(單位:人),國小畢業以下_男_65歲以上,2,2018-01-01T00:00:00,年,407610,387000000A,oddisp@taichung.gov.tw,0910289111,(04)22289111,66000,10019000
臺中市,初婚人數按性別、年齡及教育程度分暨其結婚年齡中位數(按發生日期)-初婚年齡中位數_男(單位:歲),博士畢業,34.8,2018-01-01T00:00:00,年,407610,387000000A,oddisp@taichung.gov.tw,0910289111,(04)22289111,66000,10019000
臺中市,初婚人數按性別、年齡及教育程度分暨其結婚年齡中位數(按發生日期)-初婚年齡中位數_男(單位:歲),碩士畢業,32.5,2018-01-01T00:00:00,年,407610,387000000A,oddisp@taichung.gov.tw,0910289111,(04)22289111,66000,10019000
臺中市,初婚人數按性別、年齡及教育程度分暨其結婚年齡中位數(按發生日期)-初婚年齡中位數_男(單位:歲),大學畢業,31.2,2018-01-01T00:00:00,年,407610,387000000A,oddisp@taichung.gov.tw,0910289111,(04)22289111,66000,10019000
臺中市,初婚人數按性別、年齡及教育程度分暨其結婚年齡中位數(按發生日期)-初婚年齡中位數_男(單位:歲),專科畢業,35,2018-01-01T00:00:00,年,407610,387000000A,oddisp@taichung.gov.tw,0910289111,(04)22289111,66000,10019000
臺中市,初婚人數按性別、年齡及教育程度分暨其結婚年齡中位數(按發生日期)-初婚年齡中位數_男(單位:歲),國中畢業,31.2,2018-01-01T00:00:00,年,407610,387000000A,oddisp@taichung.gov.tw,0910289111,(04)22289111,66000,10019000
臺中市,初婚人數按性別、年齡及教育程度分暨其結婚年齡中位數(按發生日期)-初婚年齡中位數_男(單位:歲),高中畢業,31,2018-01-01T00:00:00,年,407610,387000000A,oddisp@taichung.gov.tw,0910289111,(04)22289111,66000,10019000
臺中市,初婚人數按性別、年齡及教育程度分暨其結婚年齡中位數(按發生日期)-初婚年齡中位數_男(單位:歲),國小畢業以下,32.2,2018-01-01T00:00:00,年,407610,387000000A,oddisp@taichung.gov.tw,0910289111,(04)22289111,66000,10019000
臺中市,初婚人數按性別、年齡及教育程度分暨其結婚年齡中位數(按發生日期)-初婚年齡中位數_男(單位:歲),教育程度別,31.7,2018-01-01T00:00:00,年,407610,387000000A,oddisp@taichung.gov.tw,0910289111,(04)22289111,66000,10019000
臺中市,初婚人數按性別、年齡及教育程度分暨其結婚年齡中位數(按發生日期)-初婚人數(單位:人),博士畢業_女_未滿15歲,0,2018-01-01T00:00:00,年,407610,387000000A,oddisp@taichung.gov.tw,0910289111,(04)22289111,66000,10019000
臺中市,初婚人數按性別、年齡及教育程度分暨其結婚年齡中位數(按發生日期)-初婚人數(單位:人),碩士畢業_女_未滿15歲,0,2018-01-01T00:00:00,年,407610,387000000A,oddisp@taichung.gov.tw,0910289111,(04)22289111,66000,10019000
臺中市,初婚人數按性別、年齡及教育程度分暨其結婚年齡中位數(按發生日期)-初婚人數(單位:人),大學畢業_女_未滿15歲,0,2018-01-01T00:00:00,年,407610,387000000A,oddisp@taichung.gov.tw,0910289111,(04)22289111,66000,10019000
臺中市,初婚人數按性別、年齡及教育程度分暨其結婚年齡中位數(按發生日期)-初婚人數(單位:人),專科畢業_女_未滿15歲,0,2018-01-01T00:00:00,年,407610,387000000A,oddisp@taichung.gov.tw,0910289111,(04)22289111,66000,10019000
臺中市,初婚人數按性別、年齡及教育程度分暨其結婚年齡中位數(按發生日期)-初婚人數(單位:人),高中畢業_女_未滿15歲,0,2018-01-01T00:00:00,年,407610,387000000A,oddisp@taichung.gov.tw,0910289111,(04)22289111,66000,10019000
臺中市,初婚人數按性別、年齡及教育程度分暨其結婚年齡中位數(按發生日期)-初婚人數(單位:人),國中畢業_女_未滿15歲,0,2018-01-01T00:00:00,年,407610,387000000A,oddisp@taichung.gov.tw,0910289111,(04)22289111,66000,10019000
臺中市,初婚人數按性別、年齡及教育程度分暨其結婚年齡中位數(按發生日期)-初婚人數(單位:人),國小畢業以下_女_未滿15歲,0,2018-01-01T00:00:00,年,407610,387000000A,oddisp@taichung.gov.tw,0910289111,(04)22289111,66000,10019000
臺中市,初婚人數按性別、年齡及教育程度分暨其結婚年齡中位數(按發生日期)-初婚人數(單位:人),博士畢業_女_15~19歲,0,2018-01-01T00:00:00,年,407610,387000000A,oddisp@taichung.gov.tw,0910289111,(04)22289111,66000,10019000
臺中市,初婚人數按性別、年齡及教育程度分暨其結婚年齡中位數(按發生日期)-初婚人數(單位:人),碩士畢業_女_15~19歲,0,2018-01-01T00:00:00,年,407610,387000000A,oddisp@taichung.gov.tw,0910289111,(04)22289111,66000,10019000
臺中市,初婚人數按性別、年齡及教育程度分暨其結婚年齡中位數(按發生日期)-初婚人數(單位:人),大學畢業_女_15~19歲,0,2018-01-01T00:00:00,年,407610,387000000A,oddisp@taichung.gov.tw,0910289111,(04)22289111,66000,10019000
臺中市,初婚人數按性別、年齡及教育程度分暨其結婚年齡中位數(按發生日期)-初婚人數(單位:人),專科畢業_女_15~19歲,0,2018-01-01T00:00:00,年,407610,387000000A,oddisp@taichung.gov.tw,0910289111,(04)22289111,66000,10019000
臺中市,初婚人數按性別、年齡及教育程度分暨其結婚年齡中位數(按發生日期)-初婚人數(單位:人),高中畢業_女_15~19歲,103,2018-01-01T00:00:00,年,407610,387000000A,oddisp@taichung.gov.tw,0910289111,(04)22289111,66000,10019000
臺中市,初婚人數按性別、年齡及教育程度分暨其結婚年齡中位數(按發生日期)-初婚人數(單位:人),國中畢業_女_15~19歲,200,2018-01-01T00:00:00,年,407610,387000000A,oddisp@taichung.gov.tw,0910289111,(04)22289111,66000,10019000
臺中市,初婚人數按性別、年齡及教育程度分暨其結婚年齡中位數(按發生日期)-初婚人數(單位:人),國小畢業以下_女_15~19歲,18,2018-01-01T00:00:00,年,407610,387000000A,oddisp@taichung.gov.tw,0910289111,(04)22289111,66000,10019000
臺中市,初婚人數按性別、年齡及教育程度分暨其結婚年齡中位數(按發生日期)-初婚人數(單位:人),博士畢業_女_20~24歲,0,2018-01-01T00:00:00,年,407610,387000000A,oddisp@taichung.gov.tw,0910289111,(04)22289111,66000,10019000
臺中市,初婚人數按性別、年齡及教育程度分暨其結婚年齡中位數(按發生日期)-初婚人數(單位:人),碩士畢業_女_20~24歲,5,2018-01-01T00:00:00,年,407610,387000000A,oddisp@taichung.gov.tw,0910289111,(04)22289111,66000,10019000
臺中市,初婚人數按性別、年齡及教育程度分暨其結婚年齡中位數(按發生日期)-初婚人數(單位:人),大學畢業_女_20~24歲,554,2018-01-01T00:00:00,年,407610,387000000A,oddisp@taichung.gov.tw,0910289111,(04)22289111,66000,10019000
臺中市,初婚人數按性別、年齡及教育程度分暨其結婚年齡中位數(按發生日期)-初婚人數(單位:人),專科畢業_女_20~24歲,95,2018-01-01T00:00:00,年,407610,387000000A,oddisp@taichung.gov.tw,0910289111,(04)22289111,66000,10019000
臺中市,初婚人數按性別、年齡及教育程度分暨其結婚年齡中位數(按發生日期)-初婚人數(單位:人),高中畢業_女_20~24歲,997,2018-01-01T00:00:00,年,407610,387000000A,oddisp@taichung.gov.tw,0910289111,(04)22289111,66000,10019000
臺中市,初婚人數按性別、年齡及教育程度分暨其結婚年齡中位數(按發生日期)-初婚人數(單位:人),國中畢業_女_20~24歲,242,2018-01-01T00:00:00,年,407610,387000000A,oddisp@taichung.gov.tw,0910289111,(04)22289111,66000,10019000
臺中市,初婚人數按性別、年齡及教育程度分暨其結婚年齡中位數(按發生日期)-初婚人數(單位:人),國小畢業以下_女_20~24歲,28,2018-01-01T00:00:00,年,407610,387000000A,oddisp@taichung.gov.tw,0910289111,(04)22289111,66000,10019000
臺中市,初婚人數按性別、年齡及教育程度分暨其結婚年齡中位數(按發生日期)-初婚人數(單位:人),博士畢業_女_25~29歲,0,2018-01-01T00:00:00,年,407610,387000000A,oddisp@taichung.gov.tw,0910289111,(04)22289111,66000,10019000
臺中市,初婚人數按性別、年齡及教育程度分暨其結婚年齡中位數(按發生日期)-初婚人數(單位:人),碩士畢業_女_25~29歲,428,2018-01-01T00:00:00,年,407610,387000000A,oddisp@taichung.gov.tw,0910289111,(04)22289111,66000,10019000
臺中市,初婚人數按性別、年齡及教育程度分暨其結婚年齡中位數(按發生日期)-初婚人數(單位:人),大學畢業_女_25~29歲,3891,2018-01-01T00:00:00,年,407610,387000000A,oddisp@taichung.gov.tw,0910289111,(04)22289111,66000,10019000
臺中市,初婚人數按性別、年齡及教育程度分暨其結婚年齡中位數(按發生日期)-初婚人數(單位:人),專科畢業_女_25~29歲,251,2018-01-01T00:00:00,年,407610,387000000A,oddisp@taichung.gov.tw,0910289111,(04)22289111,66000,10019000
臺中市,初婚人數按性別、年齡及教育程度分暨其結婚年齡中位數(按發生日期)-初婚人數(單位:人),高中畢業_女_25~29歲,957,2018-01-01T00:00:00,年,407610,387000000A,oddisp@taichung.gov.tw,0910289111,(04)22289111,66000,10019000
臺中市,初婚人數按性別、年齡及教育程度分暨其結婚年齡中位數(按發生日期)-初婚人數(單位:人),國中畢業_女_25~29歲,183,2018-01-01T00:00:00,年,407610,387000000A,oddisp@taichung.gov.tw,0910289111,(04)22289111,66000,10019000
臺中市,初婚人數按性別、年齡及教育程度分暨其結婚年齡中位數(按發生日期)-初婚人數(單位:人),國小畢業以下_女_25~29歲,32,2018-01-01T00:00:00,年,407610,387000000A,oddisp@taichung.gov.tw,0910289111,(04)22289111,66000,10019000
臺中市,初婚人數按性別、年齡及教育程度分暨其結婚年齡中位數(按發生日期)-初婚人數(單位:人),博士畢業_女_30~34歲,6,2018-01-01T00:00:00,年,407610,387000000A,oddisp@taichung.gov.tw,0910289111,(04)22289111,66000,10019000
臺中市,初婚人數按性別、年齡及教育程度分暨其結婚年齡中位數(按發生日期)-初婚人數(單位:人),碩士畢業_女_30~34歲,599,2018-01-01T00:00:00,年,407610,387000000A,oddisp@taichung.gov.tw,0910289111,(04)22289111,66000,10019000
臺中市,初婚人數按性別、年齡及教育程度分暨其結婚年齡中位數(按發生日期)-初婚人數(單位:人),大學畢業_女_30~34歲,2688,2018-01-01T00:00:00,年,407610,387000000A,oddisp@taichung.gov.tw,0910289111,(04)22289111,66000,10019000
臺中市,初婚人數按性別、年齡及教育程度分暨其結婚年齡中位數(按發生日期)-初婚人數(單位:人),專科畢業_女_30~34歲,307,2018-01-01T00:00:00,年,407610,387000000A,oddisp@taichung.gov.tw,0910289111,(04)22289111,66000,10019000
臺中市,初婚人數按性別、年齡及教育程度分暨其結婚年齡中位數(按發生日期)-初婚人數(單位:人),高中畢業_女_30~34歲,609,2018-01-01T00:00:00,年,407610,387000000A,oddisp@taichung.gov.tw,0910289111,(04)22289111,66000,10019000
臺中市,初婚人數按性別、年齡及教育程度分暨其結婚年齡中位數(按發生日期)-初婚人數(單位:人),國中畢業_女_30~34歲,173,2018-01-01T00:00:00,年,407610,387000000A,oddisp@taichung.gov.tw,0910289111,(04)22289111,66000,10019000
臺中市,初婚人數按性別、年齡及教育程度分暨其結婚年齡中位數(按發生日期)-初婚人數(單位:人),國小畢業以下_女_30~34歲,35,2018-01-01T00:00:00,年,407610,387000000A,oddisp@taichung.gov.tw,0910289111,(04)22289111,66000,10019000
臺中市,初婚人數按性別、年齡及教育程度分暨其結婚年齡中位數(按發生日期)-初婚人數(單位:人),博士畢業_女_35~39歲,18,2018-01-01T00:00:00,年,407610,387000000A,oddisp@taichung.gov.tw,0910289111,(04)22289111,66000,10019000
臺中市,初婚人數按性別、年齡及教育程度分暨其結婚年齡中位數(按發生日期)-初婚人數(單位:人),碩士畢業_女_35~39歲,179,2018-01-01T00:00:00,年,407610,387000000A,oddisp@taichung.gov.tw,0910289111,(04)22289111,66000,10019000
臺中市,初婚人數按性別、年齡及教育程度分暨其結婚年齡中位數(按發生日期)-初婚人數(單位:人),大學畢業_女_35~39歲,714,2018-01-01T00:00:00,年,407610,387000000A,oddisp@taichung.gov.tw,0910289111,(04)22289111,66000,10019000
臺中市,初婚人數按性別、年齡及教育程度分暨其結婚年齡中位數(按發生日期)-初婚人數(單位:人),專科畢業_女_35~39歲,237,2018-01-01T00:00:00,年,407610,387000000A,oddisp@taichung.gov.tw,0910289111,(04)22289111,66000,10019000
臺中市,初婚人數按性別、年齡及教育程度分暨其結婚年齡中位數(按發生日期)-初婚人數(單位:人),高中畢業_女_35~39歲,340,2018-01-01T00:00:00,年,407610,387000000A,oddisp@taichung.gov.tw,0910289111,(04)22289111,66000,10019000
臺中市,初婚人數按性別、年齡及教育程度分暨其結婚年齡中位數(按發生日期)-初婚人數(單位:人),國中畢業_女_35~39歲,77,2018-01-01T00:00:00,年,407610,387000000A,oddisp@taichung.gov.tw,0910289111,(04)22289111,66000,10019000
臺中市,初婚人數按性別、年齡及教育程度分暨其結婚年齡中位數(按發生日期)-初婚人數(單位:人),國小畢業以下_女_35~39歲,14,2018-01-01T00:00:00,年,407610,387000000A,oddisp@taichung.gov.tw,0910289111,(04)22289111,66000,10019000
臺中市,初婚人數按性別、年齡及教育程度分暨其結婚年齡中位數(按發生日期)-初婚人數(單位:人),博士畢業_女_40~44歲,0,2018-01-01T00:00:00,年,407610,387000000A,oddisp@taichung.gov.tw,0910289111,(04)22289111,66000,10019000
臺中市,初婚人數按性別、年齡及教育程度分暨其結婚年齡中位數(按發生日期)-初婚人數(單位:人),碩士畢業_女_40~44歲,34,2018-01-01T00:00:00,年,407610,387000000A,oddisp@taichung.gov.tw,0910289111,(04)22289111,66000,10019000
臺中市,初婚人數按性別、年齡及教育程度分暨其結婚年齡中位數(按發生日期)-初婚人數(單位:人),大學畢業_女_40~44歲,112,2018-01-01T00:00:00,年,407610,387000000A,oddisp@taichung.gov.tw,0910289111,(04)22289111,66000,10019000
臺中市,初婚人數按性別、年齡及教育程度分暨其結婚年齡中位數(按發生日期)-初婚人數(單位:人),專科畢業_女_40~44歲,61,2018-01-01T00:00:00,年,407610,387000000A,oddisp@taichung.gov.tw,0910289111,(04)22289111,66000,10019000
臺中市,初婚人數按性別、年齡及教育程度分暨其結婚年齡中位數(按發生日期)-初婚人數(單位:人),高中畢業_女_40~44歲,106,2018-01-01T00:00:00,年,407610,387000000A,oddisp@taichung.gov.tw,0910289111,(04)22289111,66000,10019000
臺中市,初婚人數按性別、年齡及教育程度分暨其結婚年齡中位數(按發生日期)-初婚人數(單位:人),國中畢業_女_40~44歲,30,2018-01-01T00:00:00,年,407610,387000000A,oddisp@taichung.gov.tw,0910289111,(04)22289111,66000,10019000
臺中市,初婚人數按性別、年齡及教育程度分暨其結婚年齡中位數(按發生日期)-初婚人數(單位:人),國小畢業以下_女_40~44歲,18,2018-01-01T00:00:00,年,407610,387000000A,oddisp@taichung.gov.tw,0910289111,(04)22289111,66000,10019000
臺中市,初婚人數按性別、年齡及教育程度分暨其結婚年齡中位數(按發生日期)-初婚人數(單位:人),博士畢業_女_45~49歲,0,2018-01-01T00:00:00,年,407610,387000000A,oddisp@taichung.gov.tw,0910289111,(04)22289111,66000,10019000
臺中市,初婚人數按性別、年齡及教育程度分暨其結婚年齡中位數(按發生日期)-初婚人數(單位:人),碩士畢業_女_45~49歲,5,2018-01-01T00:00:00,年,407610,387000000A,oddisp@taichung.gov.tw,0910289111,(04)22289111,66000,10019000
臺中市,初婚人數按性別、年齡及教育程度分暨其結婚年齡中位數(按發生日期)-初婚人數(單位:人),大學畢業_女_45~49歲,33,2018-01-01T00:00:00,年,407610,387000000A,oddisp@taichung.gov.tw,0910289111,(04)22289111,66000,10019000
臺中市,初婚人數按性別、年齡及教育程度分暨其結婚年齡中位數(按發生日期)-初婚人數(單位:人),專科畢業_女_45~49歲,15,2018-01-01T00:00:00,年,407610,387000000A,oddisp@taichung.gov.tw,0910289111,(04)22289111,66000,10019000
臺中市,初婚人數按性別、年齡及教育程度分暨其結婚年齡中位數(按發生日期)-初婚人數(單位:人),高中畢業_女_45~49歲,35,2018-01-01T00:00:00,年,407610,387000000A,oddisp@taichung.gov.tw,0910289111,(04)22289111,66000,10019000
臺中市,初婚人數按性別、年齡及教育程度分暨其結婚年齡中位數(按發生日期)-初婚人數(單位:人),國中畢業_女_45~49歲,15,2018-01-01T00:00:00,年,407610,387000000A,oddisp@taichung.gov.tw,0910289111,(04)22289111,66000,10019000
臺中市,初婚人數按性別、年齡及教育程度分暨其結婚年齡中位數(按發生日期)-初婚人數(單位:人),國小畢業以下_女_45~49歲,5,2018-01-01T00:00:00,年,407610,387000000A,oddisp@taichung.gov.tw,0910289111,(04)22289111,66000,10019000
臺中市,初婚人數按性別、年齡及教育程度分暨其結婚年齡中位數(按發生日期)-初婚人數(單位:人),博士畢業_女_50~54歲,0,2018-01-01T00:00:00,年,407610,387000000A,oddisp@taichung.gov.tw,0910289111,(04)22289111,66000,10019000
臺中市,初婚人數按性別、年齡及教育程度分暨其結婚年齡中位數(按發生日期)-初婚人數(單位:人),碩士畢業_女_50~54歲,2,2018-01-01T00:00:00,年,407610,387000000A,oddisp@taichung.gov.tw,0910289111,(04)22289111,66000,10019000
臺中市,初婚人數按性別、年齡及教育程度分暨其結婚年齡中位數(按發生日期)-初婚人數(單位:人),大學畢業_女_50~54歲,6,2018-01-01T00:00:00,年,407610,387000000A,oddisp@taichung.gov.tw,0910289111,(04)22289111,66000,10019000
臺中市,初婚人數按性別、年齡及教育程度分暨其結婚年齡中位數(按發生日期)-初婚人數(單位:人),專科畢業_女_50~54歲,5,2018-01-01T00:00:00,年,407610,387000000A,oddisp@taichung.gov.tw,0910289111,(04)22289111,66000,10019000
臺中市,初婚人數按性別、年齡及教育程度分暨其結婚年齡中位數(按發生日期)-初婚人數(單位:人),高中畢業_女_50~54歲,14,2018-01-01T00:00:00,年,407610,387000000A,oddisp@taichung.gov.tw,0910289111,(04)22289111,66000,10019000
臺中市,初婚人數按性別、年齡及教育程度分暨其結婚年齡中位數(按發生日期)-初婚人數(單位:人),國中畢業_女_50~54歲,9,2018-01-01T00:00:00,年,407610,387000000A,oddisp@taichung.gov.tw,0910289111,(04)22289111,66000,10019000
臺中市,初婚人數按性別、年齡及教育程度分暨其結婚年齡中位數(按發生日期)-初婚人數(單位:人),國小畢業以下_女_50~54歲,4,2018-01-01T00:00:00,年,407610,387000000A,oddisp@taichung.gov.tw,0910289111,(04)22289111,66000,10019000
臺中市,初婚人數按性別、年齡及教育程度分暨其結婚年齡中位數(按發生日期)-初婚人數(單位:人),博士畢業_女_55~59歲,0,2018-01-01T00:00:00,年,407610,387000000A,oddisp@taichung.gov.tw,0910289111,(04)22289111,66000,10019000
臺中市,初婚人數按性別、年齡及教育程度分暨其結婚年齡中位數(按發生日期)-初婚人數(單位:人),碩士畢業_女_55~59歲,0,2018-01-01T00:00:00,年,407610,387000000A,oddisp@taichung.gov.tw,0910289111,(04)22289111,66000,10019000
臺中市,初婚人數按性別、年齡及教育程度分暨其結婚年齡中位數(按發生日期)-初婚人數(單位:人),大學畢業_女_55~59歲,3,2018-01-01T00:00:00,年,407610,387000000A,oddisp@taichung.gov.tw,0910289111,(04)22289111,66000,10019000
臺中市,初婚人數按性別、年齡及教育程度分暨其結婚年齡中位數(按發生日期)-初婚人數(單位:人),專科畢業_女_55~59歲,4,2018-01-01T00:00:00,年,407610,387000000A,oddisp@taichung.gov.tw,0910289111,(04)22289111,66000,10019000
臺中市,初婚人數按性別、年齡及教育程度分暨其結婚年齡中位數(按發生日期)-初婚人數(單位:人),高中畢業_女_55~59歲,9,2018-01-01T00:00:00,年,407610,387000000A,oddisp@taichung.gov.tw,0910289111,(04)22289111,66000,10019000
臺中市,初婚人數按性別、年齡及教育程度分暨其結婚年齡中位數(按發生日期)-初婚人數(單位:人),國中畢業_女_55~59歲,4,2018-01-01T00:00:00,年,407610,387000000A,oddisp@taichung.gov.tw,0910289111,(04)22289111,66000,10019000
臺中市,初婚人數按性別、年齡及教育程度分暨其結婚年齡中位數(按發生日期)-初婚人數(單位:人),國小畢業以下_女_55~59歲,0,2018-01-01T00:00:00,年,407610,387000000A,oddisp@taichung.gov.tw,0910289111,(04)22289111,66000,10019000
臺中市,初婚人數按性別、年齡及教育程度分暨其結婚年齡中位數(按發生日期)-初婚人數(單位:人),博士畢業_女_60~64歲,0,2018-01-01T00:00:00,年,407610,387000000A,oddisp@taichung.gov.tw,0910289111,(04)22289111,66000,10019000
臺中市,初婚人數按性別、年齡及教育程度分暨其結婚年齡中位數(按發生日期)-初婚人數(單位:人),碩士畢業_女_60~64歲,0,2018-01-01T00:00:00,年,407610,387000000A,oddisp@taichung.gov.tw,0910289111,(04)22289111,66000,10019000
臺中市,初婚人數按性別、年齡及教育程度分暨其結婚年齡中位數(按發生日期)-初婚人數(單位:人),大學畢業_女_60~64歲,0,2018-01-01T00:00:00,年,407610,387000000A,oddisp@taichung.gov.tw,0910289111,(04)22289111,66000,10019000
臺中市,初婚人數按性別、年齡及教育程度分暨其結婚年齡中位數(按發生日期)-初婚人數(單位:人),專科畢業_女_60~64歲,0,2018-01-01T00:00:00,年,407610,387000000A,oddisp@taichung.gov.tw,0910289111,(04)22289111,66000,10019000
臺中市,初婚人數按性別、年齡及教育程度分暨其結婚年齡中位數(按發生日期)-初婚人數(單位:人),高中畢業_女_60~64歲,3,2018-01-01T00:00:00,年,407610,387000000A,oddisp@taichung.gov.tw,0910289111,(04)22289111,66000,10019000
臺中市,初婚人數按性別、年齡及教育程度分暨其結婚年齡中位數(按發生日期)-初婚人數(單位:人),國中畢業_女_60~64歲,3,2018-01-01T00:00:00,年,407610,387000000A,oddisp@taichung.gov.tw,0910289111,(04)22289111,66000,10019000
臺中市,初婚人數按性別、年齡及教育程度分暨其結婚年齡中位數(按發生日期)-初婚人數(單位:人),國小畢業以下_女_60~64歲,1,2018-01-01T00:00:00,年,407610,387000000A,oddisp@taichung.gov.tw,0910289111,(04)22289111,66000,10019000
臺中市,初婚人數按性別、年齡及教育程度分暨其結婚年齡中位數(按發生日期)-初婚人數(單位:人),博士畢業_女_65歲以上,0,2018-01-01T00:00:00,年,407610,387000000A,oddisp@taichung.gov.tw,0910289111,(04)22289111,66000,10019000
臺中市,初婚人數按性別、年齡及教育程度分暨其結婚年齡中位數(按發生日期)-初婚人數(單位:人),碩士畢業_女_65歲以上,0,2018-01-01T00:00:00,年,407610,387000000A,oddisp@taichung.gov.tw,0910289111,(04)22289111,66000,10019000
臺中市,初婚人數按性別、年齡及教育程度分暨其結婚年齡中位數(按發生日期)-初婚人數(單位:人),大學畢業_女_65歲以上,2,2018-01-01T00:00:00,年,407610,387000000A,oddisp@taichung.gov.tw,0910289111,(04)22289111,66000,10019000
臺中市,初婚人數按性別、年齡及教育程度分暨其結婚年齡中位數(按發生日期)-初婚人數(單位:人),專科畢業_女_65歲以上,0,2018-01-01T00:00:00,年,407610,387000000A,oddisp@taichung.gov.tw,0910289111,(04)22289111,66000,10019000
臺中市,初婚人數按性別、年齡及教育程度分暨其結婚年齡中位數(按發生日期)-初婚人數(單位:人),高中畢業_女_65歲以上,0,2018-01-01T00:00:00,年,407610,387000000A,oddisp@taichung.gov.tw,0910289111,(04)22289111,66000,10019000
臺中市,初婚人數按性別、年齡及教育程度分暨其結婚年齡中位數(按發生日期)-初婚人數(單位:人),國中畢業_女_65歲以上,2,2018-01-01T00:00:00,年,407610,387000000A,oddisp@taichung.gov.tw,0910289111,(04)22289111,66000,10019000
臺中市,初婚人數按性別、年齡及教育程度分暨其結婚年齡中位數(按發生日期)-初婚人數(單位:人),國小畢業以下_女_65歲以上,1,2018-01-01T00:00:00,年,407610,387000000A,oddisp@taichung.gov.tw,0910289111,(04)22289111,66000,10019000
臺中市,初婚人數按性別、年齡及教育程度分暨其結婚年齡中位數(按發生日期)-初婚年齡中位數_女(單位:歲),博士畢業,36.7,2018-01-01T00:00:00,年,407610,387000000A,oddisp@taichung.gov.tw,0910289111,(04)22289111,66000,10019000
臺中市,初婚人數按性別、年齡及教育程度分暨其結婚年齡中位數(按發生日期)-初婚年齡中位數_女(單位:歲),碩士畢業,31.6,2018-01-01T00:00:00,年,407610,387000000A,oddisp@taichung.gov.tw,0910289111,(04)22289111,66000,10019000
臺中市,初婚人數按性別、年齡及教育程度分暨其結婚年齡中位數(按發生日期)-初婚年齡中位數_女(單位:歲),大學畢業,29.4,2018-01-01T00:00:00,年,407610,387000000A,oddisp@taichung.gov.tw,0910289111,(04)22289111,66000,10019000
臺中市,初婚人數按性別、年齡及教育程度分暨其結婚年齡中位數(按發生日期)-初婚年齡中位數_女(單位:歲),專科畢業,32.3,2018-01-01T00:00:00,年,407610,387000000A,oddisp@taichung.gov.tw,0910289111,(04)22289111,66000,10019000
臺中市,初婚人數按性別、年齡及教育程度分暨其結婚年齡中位數(按發生日期)-初婚年齡中位數_女(單位:歲),高中畢業,27.5,2018-01-01T00:00:00,年,407610,387000000A,oddisp@taichung.gov.tw,0910289111,(04)22289111,66000,10019000
臺中市,初婚人數按性別、年齡及教育程度分暨其結婚年齡中位數(按發生日期)-初婚年齡中位數_女(單位:歲),國中畢業,25.7,2018-01-01T00:00:00,年,407610,387000000A,oddisp@taichung.gov.tw,0910289111,(04)22289111,66000,10019000
臺中市,初婚人數按性別、年齡及教育程度分暨其結婚年齡中位數(按發生日期)-初婚年齡中位數_女(單位:歲),國小畢業以下,30,2018-01-01T00:00:00,年,407610,387000000A,oddisp@taichung.gov.tw,0910289111,(04)22289111,66000,10019000
臺中市,初婚人數按性別、年齡及教育程度分暨其結婚年齡中位數(按發生日期)-初婚年齡中位數_女(單位:歲),教育程度別,29.4,2018-01-01T00:00:00,年,407610,387000000A,oddisp@taichung.gov.tw,0910289111,(04)22289111,66000,10019000
